{
  "Author": "Shiyuvi",
  "Name": "Fate辅助器",
  "InternalName": "AutoJump",
  "AssemblyVersion": "0.0.0.1",
  "Description": "测试中，需要SND脚本支持，视情况后续增加bzy等地图的半自动拉晶簇怪",
  "ApplicableVersion": "any",
  "RepoUrl": "https://github.com/flyrio/Fate",
  "Tags": [
    "Fate",
    "Auto"
  ],
  "DalamudApiLevel": 10,
  "LoadRequiredState": 2,
  "LoadSync": true,
  "CanUnloadAsync": false,
  "LoadPriority": 0,
  "IconUrl": "https://github.com/ktisis-tools/Ktisis/raw/main/icon.png",
  "Punchline": "Fate智能拉怪工具",
  "AcceptsFeedback": true
}